Metric,Average,Std,Min,Max
MAE,8.782863139543187,2.705975454405127,5.8863561459690885,11.24600017003018
RMSE,9.42642350847246,2.7554264689256462,6.438665541057323,11.867589023154991
WAPE,15.584783649005962,4.549322243666165,10.649738344086362,19.611257473090138
