Category,Qty_Sold,Discount
Apparel,63324,9.85576923076923
Footwear,34454,9.863782051282051
Gear,49004,10.197115384615385
