,Holiday,Promo_Event,Rainfall,Avg_Temperature
count,104.0,104.0,104.0,104.0
mean,0.028846153846153848,0.23076923076923078,48.682115384615386,23.583365384615384
std,0.1681845247161448,0.4233653711519929,54.57027382900846,5.261363773623887
min,0.0,0.0,1.01,11.04
25%,0.0,0.0,10.39,19.9625
50%,0.0,0.0,29.130000000000003,23.4
75%,0.0,0.0,47.425000000000004,27.74
max,1.0,1.0,191.91,32.69
