,Qty_Sold,Inventory,On_Order,Returns,Discount
count,2600.0,2600.0,2600.0,2600.0,2600.0
mean,56.45461538461539,397.2957692307692,176.37807692307692,2.3053846153846154,9.99423076923077
std,27.501251464164035,60.99483560557241,71.65861456459835,1.740529766750249,7.051312874886328
min,14.0,274.0,50.0,0.0,0.0
25%,33.0,347.0,115.0,1.0,5.0
50%,53.0,397.0,178.0,2.0,10.0
75%,76.0,449.0,239.0,3.0,15.0
max,150.0,520.0,300.0,11.0,20.0
