,Qty_Sold,Rainfall,Avg_Temperature
Qty_Sold,1.0,0.2898679630129113,0.2250742005197362
Rainfall,0.2898679630129113,1.0,0.10355368129275525
Avg_Temperature,0.2250742005197362,0.10355368129275525,1.0
